{
  "display": {
    "icon": {
      "id": "minecraft:poppy"
    },
    "title": {
      "text": "残忍至极",
      "color": "red",
      "bold": false,
      "italic": false,
      "underlined": false,
      "strikethrough": false,
      "obfuscated": false
    },
    "description": {
      "text": "他还只是个孩子啊",
      "color": "black"
    }
  },
  "parent": "minecraft:adventure/root",
  "hidden": true,
  "criteria": {
    "■": {
      "trigger": "minecraft:player_killed_entity",
      "conditions": {
        "entity": [
          {
            "condition": "minecraft:entity_properties",
            "entity": "this",
            "predicate": {
              "type": "minecraft:villager",
              "flags": {
                "is_baby": true
              }
            }
          }
        ]
      }
    }
  },
  "sends_telemetry_event": false
}
