{
  "display": {
    "icon": {
      "id": "minecraft:poisonous_potato"
    },
    "title": {
      "text": "这才是终极奉献",
      "italic": false
    },
    "description": {
      "text": "同时持有1组毒马铃薯",
      "italic": false
    },
    "frame": "challenge",
    "hidden": true
  },
  "parent": "kdx.ma:mitem/insert/poisonous_potato",
  "criteria": {
    "poisonous_potato": {
      "trigger": "minecraft:inventory_changed",
      "conditions": {
        "items": [
          {
            "items": [
              "minecraft:poisonous_potato"
            ],
            "count": 64
          }
        ]
      }
    }
  },
  "rewards": {
    "experience": 120
  }
}
