{
  "display": {
    "icon": {
      "id": "minecraft:furnace"
    },
    "title": {
      "text": "“热”门话题",
      "italic": false
    },
    "description": {
      "text": "用八个圆石来制作一个熔炉",
      "italic": false
    }
  },
  "parent": "minecraft:story/mine_stone",
  "criteria": {
    "furnace": {
      "trigger": "minecraft:inventory_changed",
      "conditions": {
        "items": [
          {
            "items": [
              "minecraft:furnace"
            ]
          }
        ]
      }
    }
  }
}
