{
  "type": "crafting_transmute",
  "category": "building",
  "input": "deepslate",
  "material": "netherite_ingot",
  "result": {
    "id": "reinforced_deepslate",
    "components": {
      "lore": [
        {"text":"","extra":[{"text":"「千锤万凿出深山」的一块硬度极高的基质岩，是除了黑曜石之外人工能制造的最硬物质。","obfuscated":false,"italic":false,"underlined":false,"strikethrough":false,"color":"white","bold":false}]},
        {"text":"","extra":[{"text":"于特殊活动中获得或合成","italic":true,"color":"gray"}]}
      ],
      "enchantment_glint_override": false,
      "max_stack_size": 16,
      "rarity": "epic"
    }
  }
}