{
  "display": {
    "icon": {
      "id": "minecraft:flint_and_steel"
    },
    "title": {
      "text": "扫地姬",
      "italic": false
    },
    "description": {
      "text": "每隔10分钟自动清除一次掉落物\n\nkdx.cleaner:*",
      "italic": false
    },
    "frame": "task",
    "hidden": false,
    "announce_to_chat": false,
    "show_toast": false
  },
  "parent": "kdx:_module",
  "criteria": {
    "requirement": {
      "trigger": "minecraft:tick",
      "conditions": {
      }
    }
  },
  "rewards": {
    "experience": 0
  }
}
