{
  "display": {
    "icon": {
      "id": "minecraft:reinforced_deepslate"
    },
    "title": {
      "text": "过于昂贵！"
    },
    "description": {
      "text": "拥有一块「强化深板岩」——这实在是太贵了吧！"
    },
    "frame": "task",
    "hidden": false
  },
  "parent": "kdx:_streack",
  "criteria": {
    "rd1": {
      "trigger": "minecraft:inventory_changed",
      "conditions": {
        "items": [
          {
            "items": [
              "minecraft:reinforced_deepslate"
            ],
            "count": 1
          }
        ]
      }
    }
  },
  "rewards": {
    "experience": 100
  }
}
