{
  "display": {
    "icon": {
      "id": "minecraft:reinforced_deepslate"
    },
    "title": {
      "text": "极其昂贵！"
    },
    "description": {
      "text": "同时持有64块「强化深板岩」——富哥vivo50看看实力！"
    },
    "frame": "challenge",
    "hidden": false
  },
  "parent": "kdx.mrecipe:craft_reinforced_deepslate",
  "criteria": {
    "rd64": {
      "trigger": "minecraft:inventory_changed",
      "conditions": {
        "items": [
          {
            "items": [
              "minecraft:reinforced_deepslate"
            ],
            "count": 64
          }
        ]
      }
    }
  },
  "rewards": {
    "experience": 300
  }
}
