{
  "display": {
    "icon": {
      "id": "minecraft:poppy"
    },
    "title": "残忍至极",
    "description": "§o他还只是个孩子啊",
    "hidden": true
  },
  "parent": "kdx:_streack",
  "criteria": {
    "■": {
      "trigger": "minecraft:player_killed_entity",
      "conditions": {
        "entity": [
          {
            "condition": "minecraft:entity_properties",
            "entity": "this",
            "predicate": {
              "type": "minecraft:villager",
              "flags": {
                "is_baby": true
              }
            }
          }
        ]
      }
    }
  },
  "sends_telemetry_event": false
}
