{
  "display": {
    "icon": {
      "id": "minecraft:barrier"
    },
    "frame": "challenge",
    "title": "堵桥来",
    "description": "§o某安全总监给你发了个offer\n§r§7使用投掷物击败100~150米外的目标",
    "hidden": false
  },
  "parent": "kdx:_streack",
  "criteria": {
    "remotely_kill_with_projectile": {
      "trigger": "minecraft:player_killed_entity",
      "conditions": {
        "entity": [
          {
            "condition": "minecraft:entity_properties",
            "entity": "this",
            "predicate": {
              "distance": {
                "horizontal": {
                  "min": 100.0,
                  "max": 150.0
                }
              }
            }
          }
        ],
        "killing_blow": {
          "tags": [
            {
              "expected": true,
              "id": "minecraft:is_projectile"
            }
          ]
        }
      }
    }
  },
  "rewards": {
    "experience": 700
  }
}