{
  "display": {
    "icon": {
      "id": "minecraft:bat_spawn_egg"
    },
    "frame": "task",
    "title": "终止批处理",
    "description": {
      "text": "taskkill /f /im cmd.exe",
      "italic": true
    },
    "hidden": true
  },
  "parent": "kdx.ma:mitem/spawner/bat_spawn_egg",
  "criteria": {
    "kill_bat": {
      "trigger": "minecraft:kill_mob_near_sculk_catalyst",
      "conditions": {
        "entity": {
          "type": "minecraft:bat"
        }
      }
    }
  },
  "rewards": {
    "experience": 20
  }
}