{
  "display": {
    "icon": {
      "id": "minecraft:zombie_head"
    },
    "title": "诗人？",
    "description": "§o别杀海豚，你这个怪物！",
    "hidden": true
  },
  "parent": "kdx:_streack",
  "criteria": {
    "非人哉": {
      "trigger": "minecraft:player_killed_entity",
      "conditions": {
        "entity": [
          {
            "condition": "minecraft:entity_properties",
            "entity": "this",
            "predicate": {
              "type": "minecraft:dolphin"
            }
          }
        ]
      }
    }
  },
  "sends_telemetry_event": false
}
