{
	"display": {
		"icon": {
			"id": "minecraft:deepslate_coal_ore"
		},
		"title": {
			"text": "深藏不露…？",
			"italic": false
		},
		"description": {
			"text": "使用丝绸之触开采一块各种意义上脸黑的矿石",
			"italic": false
		},
		"frame": "goal",
		"hidden": false
	},
	"parent": "minecraft:story/enchant_item",
	"criteria": {
		"requirement": {
			"trigger": "minecraft:inventory_changed",
			"conditions": {
				"items": [
					{
						"items": [
							"minecraft:deepslate_coal_ore"
						]
					}
				]
			}
		}
	},
	"rewards": {
		"experience": 10
	}
}
