{
	"display": {
		"icon": {
			"id": "minecraft:end_rod"
		},
		"title": {
			"text": "■■■",
			"italic": true
		},
		"description": {
			"text": "**此评论已被屏蔽",
			"italic": true
		},
		"frame": "task",
		"hidden": false
	},
	"parent": "minecraft:end/find_end_city",
	"criteria": {
		"requirement": {
			"trigger": "minecraft:inventory_changed",
			"conditions": {
				"items": [
					{
						"items": [
							"minecraft:end_rod"
						]
					}
				]
			}
		}
	},
	"rewards": {
		"experience": 0
	}
}
