{
	"display": {
		"icon": {
			"id": "minecraft:netherite_upgrade_smithing_template"
		},
		"title": {
			"text": "万事已具备，东风正在此处",
			"italic": false
		},
		"description": {
			"text": "获得一个下界合金升级模板",
			"italic": false
		},
		"frame": "goal"
	},
	"parent": "kdx.mitem:smithing_table",
	"criteria": {
		"requirement": {
			"trigger": "minecraft:inventory_changed",
			"conditions": {
				"items": [
					{
						"items": [
							"minecraft:netherite_upgrade_smithing_template"
						]
					}
				]
			}
		}
	}
}
