{
	"display": {
		"icon": {
			"id": "minecraft:smithing_table"
		},
		"title": {
			"text": "在最终的那一步以前",
			"italic": false
		},
		"description": {
			"text": "获得一个锻造台，以便于你升级下界合金装备",
			"italic": false
		},
		"frame": "task"
	},
	"parent": "minecraft:nether/obtain_ancient_debris",
	"criteria": {
		"requirement": {
			"trigger": "minecraft:inventory_changed",
			"conditions": {
				"items": [
					{
						"items": [
							"minecraft:smithing_table"
						]
					}
				]
			}
		}
	}
}
