{
	"display": {
		"icon": {
			"id": "minecraft:wooden_sword"
		},
		"title": {
			"text": "出击时间到！",
			"italic": false
		},
		"description": {
			"text": "使用木板和木棍来制作一把剑，然后你就亏了一点燃料",
			"italic": false
		}
	},
	"parent": "kdx.mitem:mitem/wooden_hoe",
	"criteria": {
		"requirement": {
			"trigger": "minecraft:inventory_changed",
			"conditions": {
				"items": [
					{
						"items": [
							"minecraft:wooden_sword"
						]
					}
				]
			}
		}
	}
}
