{
	"display": {
		"background": "minecraft:textures/block/stone.png",
		"icon": {
			"id": "minecraft:barrier" 
		},
		"title": {
			"text": "kdxSMP 功能性进度统一落地页",
			"italic": false
		},
		"description": {
			"text": "本页面不应出现在进度中，如果您意外看到了此页面，请向我们反馈。\nhttp://gitee.com/kdxiaoyi/kdxSMP/\nhttp://github.com/kdxhub/kdxSMP",
			"bold": true
		},
		"frame": "task",
		"hidden": true,
		"announce_to_chat": false,
		"show_toast": false
	},
	"criteria": {
		"requirement": {
			"trigger": "minecraft:impossible"
		}
	}
}
