{
  "ultrawarm": false,
  "natural": false,
  "piglin_safe": false,
  "respawn_anchor_works": false,
  "bed_works": false,
  "has_raids": true,
  "has_skylight": false,
  "has_ceiling": false,
  "coordinate_scale": 1,
  "ambient_light": 0,
  "fixed_time": 6000,
  "logical_height": 2032,
  "effects": "minecraft:the_end",
  "infiniburn": "#minecraft:infiniburn_end",
  "min_y": -2032,
  "height": 4064,
  "monster_spawn_light_level": {
    "type": "minecraft:uniform",
    "min_inclusive": 0,
    "max_inclusive": 7
  },
  "monster_spawn_block_light_limit": 0
}