{
	"display": {
		"icon": {
			"id": "minecraft:calcite"
		},
		"title": {
			"text": "凯尔希",
			"italic": false
		},
		"description": {
			"text": "获得一个凯尔希",
			"italic": true
		},
		"frame": "task",
		"hidden": false
	},
	"parent": "kdx:_joyose",
	"criteria": {
		"mon3tr": {
			"trigger": "minecraft:inventory_changed",
			"conditions": {
				"items": [
					{
						"items": [
							"minecraft:calcite"
						]
					}
				]
			}
		}
	},
	"rewards": {
		"experience": 0
	}
}
