{
  "display": {
    "icon": {
      "id": "minecraft:enchanted_golden_apple"
    },
    "title": {
      "text": "君临天下",
      "italic": false
    },
    "description": {
      "text": "吃一个附魔金苹果",
      "italic": false
    },
    "frame": "challenge",
    "hidden": true
  },
  "parent": "kdx:_mystery",
  "criteria": {
    "enchanted_golden_apple": {
      "trigger": "minecraft:consume_item",
      "conditions": {
        "item": {
          "items": "enchanted_golden_apple"
        }
      }
    }
  }
}
