{
  "display": {
    "icon": {
      "id": "minecraft:spawner"
    },
    "title": {
      "text": "可持续发展",
      "italic": false
    },
    "description": {
      "text": "获得可靠的生物来源",
      "italic": true
    },
    "frame": "challenge",
    "hidden": false
  },
  "parent": "kdx.ma:mitem/command_block_minecart",
  "criteria": {
    "cbm": {
      "trigger": "minecraft:inventory_changed",
      "conditions": {
        "items": [
          {
            "items": [
              "minecraft:spawner"
            ]
          }
        ]
      }
    }
  },
  "rewards": {
    "experience": 0
  }
}
