{
	"display": {
		"icon": {
			"id": "minecraft:wooden_pickaxe"
		},
		"title": {
			"text": "采矿时间到！",
			"italic": false
		},
		"description": {
			"text": "使用木板和木棍来制作一把仅有3耐久的镐",
			"italic": false
		}
	},
	"parent": "kdx:_mystery",
	"criteria": {
		"only_3_durability": {
			"trigger": "minecraft:inventory_changed",
			"conditions": {
				"items": [
					{
						"items": [
							"minecraft:wooden_pickaxe"
						]
					}
				]
			}
		}
	}
}
