{
  "type": "minecraft:crafting_shaped",
  "group": "concrete_color",
  "category": "building",
  "pattern": [
    "bbb",
    "bab",
    "bbb"
  ],
  "key": {
    "a":  "minecraft:brown_dye",
    "b":[
    "minecraft:black_concrete",
    "minecraft:blue_concrete",
    "minecraft:brown_concrete",
    "minecraft:cyan_concrete",
    "minecraft:gray_concrete",
    "minecraft:green_concrete",
    "minecraft:light_blue_concrete",
    "minecraft:light_gray_concrete",
    "minecraft:lime_concrete",
    "minecraft:magenta_concrete",
    "minecraft:orange_concrete",
    "minecraft:pink_concrete",
    "minecraft:purple_concrete",
    "minecraft:red_concrete",
    "minecraft:white_concrete",
    "minecraft:yellow_concrete"
  ]
  },
  "result": {
    "id": "minecraft:brown_concrete",
    "count": 8
  }
}