{
  "display": {
    "icon": {
      "id": "minecraft:ender_pearl"
    },
    "title": {
      "text": "Mutiple World",
      "italic": false
    },
    "description": {
      "text": "创建一堆自定义维度以备用\n\nkdx.mworld:*",
      "italic": false
    },
    "frame": "task",
    "hidden": false,
    "announce_to_chat": false,
    "show_toast": false
  },
  "parent": "kdx:_module",
  "criteria": {
    "requirement": {
      "trigger": "minecraft:inventory_changed",
      "conditions": {
        "items": [
          {
            "items": [
              "minecraft:crafting_table"
            ]
          }
        ]
      }
    }
  },
  "rewards": {
    "experience": 0
  }
}
