{
  "display": {
    "icon": {
      "id": "minecraft:mace"
    },
    "title": {
      "text": "罡风将降临此间",
      "italic": false
    },
    "description": {
      "text": "合成重锤……之后你可以试试它的威力",
      "italic": false
    },
    "frame": "goal",
    "hidden": false
  },
  "parent": "kdx.ma:mitem/insert/heavy_core",
  "criteria": {
    "mace": {
      "trigger": "minecraft:inventory_changed",
      "conditions": {
        "items": [
          {
            "items": [
              "minecraft:mace"
            ]
          }
        ]
      }
    }
  },
  "rewards": {
    "experience": 10
  }
}
