{
  "display": {
    "icon": {
      "id": "minecraft:netherite_sword"
    },
    "title": {
      "text": "最终之刃",
      "italic": false
    },
    "description": {
      "text": "向钻石剑镀上一层合金，让它更加高级…？",
      "italic": false
    },
    "frame": "challenge"
  },
  "parent": "minecraft:nether/obtain_ancient_debris",
  "criteria": {
    "netherite_sword": {
      "trigger": "minecraft:inventory_changed",
      "conditions": {
        "items": [
          {
            "items": [
              "minecraft:netherite_sword"
            ]
          }
        ]
      }
    }
  }
}
