{
  "display": {
    "background": "minecraft:textures/block/tnt.png",
    "icon": {
      "id": "minecraft:tnt" 
    },
    "title": {
      "text": "欢欣此刻",
      "italic": false
    },
    "description": {
      "text": "「愿你的坟墓会是欢愉，愿你在大笑当中死去。」\n—— 《寰宇记书》",
      "italic": false
    },
    "frame": "task",
    "hidden": false,
    "announce_to_chat": false,
    "show_toast": false
  },
  "criteria": {
    "requirement": {
      "trigger": "minecraft:inventory_changed",
      "conditions": {
        "items": [
          {
            "items": [
              "minecraft:crafting_table"
            ]
          }
        ]
      }
    }
  }
}
