{
	"display": {
		"background": "minecraft:textures/block/cherry_planks.png",
		"icon": {
			"id": "minecraft:spyglass" 
		},
		"title": {
			"text": "众秘探奇",
			"italic": false
		},
		"description": {
			"text": "世间万物有太多璀璨事物，不妨慢下脚步，看看周遭吧。",
			"italic": false
		},
		"frame": "task",
		"hidden": false,
		"announce_to_chat": false,
		"show_toast": false
	},
	"criteria": {
		"requirement": {
			"trigger": "minecraft:inventory_changed",
			"conditions": {
				"items": [
					{
						"items": [
							"minecraft:crafting_table"
						]
					}
				]
			}
		}
	}
}
