{
  "display": {
    "background": "minecraft:textures/block/water.png",
    "icon": {
      "id": "minecraft:glass" 
    },
    "title": {
      "text": "栈流流光",
      "italic": false
    },
    "description": {
      "text": "浮光一隅，拾取一抹；世间种种，过往云烟。",
      "italic": false
    },
    "frame": "task",
    "hidden": false,
    "announce_to_chat": false,
    "show_toast": false
  },
  "criteria": {
    "requirement": {
      "trigger": "minecraft:inventory_changed",
      "conditions": {
        "items": [
          {
            "items": [
              "minecraft:crafting_table"
            ]
          }
        ]
      }
    }
  }
}
