{
  "type": "stonecutting",
  "ingredient": [
    {
      "item": "minecraft:exposed_chiseled_copper"
    },
    {
      "item": "minecraft:weathered_chiseled_copper"
    },
    {
      "item": "minecraft:oxidized_chiseled_copper"
    },
    {
      "item": "minecraft:waxed_chiseled_copper"
    },
    {
      "item": "minecraft:waxed_exposed_chiseled_copper"
    },
    {
      "item": "minecraft:waxed_weathered_chiseled_copper"
    },
    {
      "item": "minecraft:waxed_oxidized_chiseled_copper"
    }
  ],
  "result": {
    "id": "minecraft:chiseled_copper",
    "count": 1
  }
}