{
  "type": "stonecutting",
  "ingredient": [
    {
      "item": "minecraft:exposed_copper_grate"
    },
    {
      "item": "minecraft:weathered_copper_grate"
    },
    {
      "item": "minecraft:oxidized_copper_grate"
    },
    {
      "item": "minecraft:waxed_copper_grate"
    },
    {
      "item": "minecraft:waxed_exposed_copper_grate"
    },
    {
      "item": "minecraft:waxed_weathered_copper_grate"
    },
    {
      "item": "minecraft:waxed_oxidized_copper_grate"
    }
  ],
  "result": {
    "id": "minecraft:copper_grate",
    "count": 1
  }
}