{
  "type": "stonecutting",
  "ingredient": [
    {
      "item": "minecraft:exposed_cut_copper"
    },
    {
      "item": "minecraft:weathered_cut_copper"
    },
    {
      "item": "minecraft:oxidized_cut_copper"
    },
    {
      "item": "minecraft:waxed_cut_copper"
    },
    {
      "item": "minecraft:waxed_exposed_cut_copper"
    },
    {
      "item": "minecraft:waxed_weathered_cut_copper"
    },
    {
      "item": "minecraft:waxed_oxidized_cut_copper"
    }
  ],
  "result": {
    "id": "minecraft:cut_copper",
    "count": 1
  }
}