{
  "type": "stonecutting",
  "ingredient": [
      "minecraft:exposed_cut_copper_stairs"
    ,
      "minecraft:weathered_cut_copper_stairs"
    ,
      "minecraft:oxidized_cut_copper_stairs"
    ,
      "minecraft:waxed_cut_copper_stairs"
    ,
      "minecraft:waxed_exposed_cut_copper_stairs"
    ,
      "minecraft:waxed_weathered_cut_copper_stairs"
    ,
      "minecraft:waxed_oxidized_cut_copper_stairs"
  ],
  "result": {
    "id": "minecraft:cut_copper_stairs",
    "count": 1
  }
}