[
  {
    "function": "set_item",
    "item": "minecraft:enchanted_book"
  },
  {
    "function": "set_components",
    "components": {
      "rarity": "uncommon",
      "enchantments": {},
      "stored_enchantments": {},
      "enchantment_glint_override": true,
      "custom_data": {
        "kdx.cleaner": "extra_whitelist_book",
        "kdx.cleaner_extra_whitelist": true
      },
      "consumable": {
        "consume_seconds": 5,
        "animation": "crossbow",
        "sound": {
          "sound_id": "block.enchantment_table.use"
        }
      },
      "food": {
        "can_always_eat": true,
        "nutrition": 0,
        "saturation": 0
      }
    }
  },
  {
    "function": "set_lore",
    "lore": [
      {"text": "§r§f一本很明显和其它附魔书不同的书，包含着一般附魔书所不能承载的魔咒。"},
      {"text": "§r§9冥河抗性"},
      {"text": "§r§7使附有此魔咒的物品不受§b[冥河彼岸]§7效果影响"},
      {"text": "§r§7§o副手持有目标物品，主手持有此书并长按右键完成注魔。"}
    ],
    "mode": "replace_all"
  },
  {
    "function": "set_name",
    "target": "item_name",
    "name": "§r§e注魔书"
  }
]