{
  "display": {
    "icon": {
      "id": "minecraft:reinforced_deepslate"
    },
    "title": {
      "text": "过于昂贵！"
    },
    "description": {
      "text": "合成一块「强化深板岩」——这实在是太贵了吧！"
    },
    "frame": "task",
    "hidden": false
  },
  "parent": "kdx:_streack",
  "criteria": {
    "craft_reinforced_deepslate": {
      "trigger": "minecraft:recipe_crafted",
      "conditions": {
        "recipe_id": "kdx.mrecipe:craft/block/reinforced_deepslate"
      }
    }
  },
  "rewards": {
    "experience": 100
  }
}
