{
  "display": {
    "icon": {
      "id": "minecraft:spawner"
    },
    "title": {
      "text": "批处理脚本生成蛋",
      "italic": false
    },
    "description": {
      "text": "start -wait cmd.exe -c spawn_egg.bat",
      "italic": true
    },
    "frame": "challenge",
    "hidden": false
  },
  "parent": "kdx:_joyose",
  "criteria": {
    "cbm": {
      "trigger": "minecraft:inventory_changed",
      "conditions": {
        "items": [
          {
            "items": [
              "minecraft:bat_spawn_egg"
            ]
          }
        ]
      }
    }
  },
  "rewards": {
    "experience": 0
  }
}
