{
  "display": {
    "background": "minecraft:textures/block/bedrock.png",
    "icon": {
      "id": "minecraft:command_block" 
    },
    "title": {
      "text": "Streack Service Datapack",
      "italic": false
    },
    "description": {
      "text": "已加载Streack Service Datapack核心组件\n您可以在此处查看加载的拓展包\n\nkdx:*\n\nPowered by Streack Service Datapack.\nhttp://gitee.com/kdxiaoyi/Streack/\nhttp://github.com/kdxhub/Streack",
      "italic": false
    },
    "frame": "task",
    "hidden": false,
    "announce_to_chat": false,
    "show_toast": false
  },
  "criteria": {
    "requirement": {
      "trigger": "minecraft:tick",
      "conditions": {
      }
    }
  }
}
