{
  "display": {
    "icon": {
      "id": "minecraft:damaged_anvil"
    },
    "title": {
      "text": "垃圾亦有它的光辉",
      "italic": false
    },
    "description": {
      "text": "仔细查看一些东西，即使它们已损坏",
      "italic": true
    },
    "frame": "task",
    "hidden": true
  },
  "parent": "kdx:_mystery",
  "criteria": {
    "anvil": {
      "trigger": "minecraft:inventory_changed",
      "conditions": {
        "items": [
          {
            "items": [
              "minecraft:chipped_anvil",
              "minecraft:damaged_anvil"
            ]
          }
        ]
      }
    }
  },
  "rewards": {
    "experience": 10
  }
}
