{
  "display": {
    "icon": {
      "id": "minecraft:furnace_minecart"
    },
    "title": {
      "text": "愿此行，终抵群星",
      "italic": false
    },
    "description": {
      "text": "制作一个没什么用的动力矿车——真的有人会做这个玩意吗",
      "italic": false
    },
    "frame": "challenge",
    "hidden": true
  },
  "parent": "kdx:_mystery",
  "criteria": {
    "furnace_minecart": {
      "trigger": "minecraft:inventory_changed",
      "conditions": {
        "items": [
          {
            "items": [
              "minecraft:furnace_minecart"
            ]
          }
        ]
      }
    }
  },
  "rewards": {
    "experience": 80
  }
}
