{
  "display": {
    "icon": {
      "id": "minecraft:suspicious_stew"
    },
    "title": {
      "text": "勇气戴于心上",
      "italic": false
    },
    "description": {
      "text": "食用迷之炖菜",
      "italic": false
    },
    "frame": "challenge",
    "hidden": false
  },
  "parent": "kdx:_mystery",
  "criteria": {
    "sus": {
      "trigger": "minecraft:consume_item",
      "conditions": {
        "item": {
            "items": [
              "minecraft:suspicious_stew"
            ]
          }
      }
    }
  },
  "rewards": {
    "experience": 10
  }
}
