{
  "display": {
    "icon": {
      "id": "minecraft:chest"
    },
    "title": {
      "text": "kdx.kits.claiming_on_tick",
      "italic": false
    },
    "description": {
      "text": "kdx.kits礼包给予循环触发器",
      "italic": false
    },
    "frame": "task",
    "hidden": false,
    "announce_to_chat": false,
    "show_toast": false
  },
  "parent": "kdx:_hidden",
  "criteria": {
    "requirement": {
      "trigger": "minecraft:location",
      "condition": {
        "player": [
          {"flags": {
            "is_on_ground": true,
            "is_sprinting": false,
            "is_on_fire": false
          }},
          {"movement": {"speed":{"max": 0}}}
        ]
      }
    }
  },
  "rewards": {
    "function": "kdx.kits:trigger"
  }
}
